metric,count,mean,std,min,median,max
tweet_len_chars,31962.0,84.73962830861649,29.455749222409978,11.0,88.0,274.0
text_len_chars,31962.0,70.45200550653901,28.25666182237133,0.0,72.0,139.0
text_len_tokens,31962.0,12.57352481071272,5.615412657944946,0.0,12.0,40.0
