label,count,percent,tweet_len_chars_count,tweet_len_chars_mean,tweet_len_chars_std,tweet_len_chars_min,tweet_len_chars_median,tweet_len_chars_max,text_len_chars_count,text_len_chars_mean,text_len_chars_std,text_len_chars_min,text_len_chars_median,text_len_chars_max,text_len_tokens_count,text_len_tokens_mean,text_len_tokens_std,text_len_tokens_min,text_len_tokens_median,text_len_tokens_max
0,29720,92.98542018647143,29720.0,84.32863391655451,29.56648381743183,11.0,88.0,274.0,29720.0,69.95558546433378,28.34668741373093,0.0,71.0,139.0,29720.0,12.517261103633917,5.644352469243954,0.0,12.0,40.0
1,2242,7.014579813528565,2242.0,90.18777876895629,27.375501683643677,12.0,96.0,152.0,2242.0,77.03256021409456,26.165373761358012,6.0,80.0,132.0,2242.0,13.31935771632471,5.160145726208942,1.0,13.0,33.0
