class,precision,recall,f1-score,support
Not hateful,0.9889637111859334,0.889318755256518,0.936498095828536,5945.0
Hateful,0.37153772683858644,0.8683035714285714,0.5204013377926422,448.0
accuracy,0.8878460816518067,0.8878460816518067,0.8878460816518067,0.8878460816518067
macro avg,0.68025071901226,0.8788111633425447,0.7284497168105891,6393.0
weighted avg,0.9456965688446833,0.8878460816518067,0.9073394304757939,6393.0
