hypothesis_template,val_accuracy,val_f1_macro
This tweet is {}.,0.0475445730372224,0.06565928244249923
The author of this tweet is using {}.,0.05786675007819831,0.08675995229690765
