hypothesis_template,val_accuracy,val_f1_macro
This tweet is {}.,0.8601814200813263,0.5833128497337715
This tweet contains {} content.,0.7394432280262746,0.5307629350255534
