class,precision,recall,f1-score,support
Not hateful,0.980672268907563,0.9814970563498738,0.9810844892812106,5945.0
Hateful,0.7516930022573364,0.7433035714285714,0.7474747474747475,448.0
accuracy,0.9648052557484749,0.9648052557484749,0.9648052557484749,0.9648052557484749
macro avg,0.8661826355824497,0.8624003138892227,0.8642796183779791,6393.0
weighted avg,0.9646261698211713,0.9648052557484749,0.9647139020249468,6393.0
