class,precision,recall,f1-score,support
not hateful,0.9534578826614225,0.9786375105130362,0.9658836224786254,5945.0
hateful,0.563573883161512,0.36607142857142855,0.4438430311231394,448.0
accuracy,0.9357109338338808,0.9357109338338808,0.9357109338338808,0.9357109338338808
macro avg,0.7585158829114673,0.6723544695422323,0.7048633268008824,6393.0
weighted avg,0.9261361195179907,0.9357109338338808,0.9293007685872977,6393.0
