class,precision,recall,f1-score,support
Not hateful,0.9488272921108742,0.8982338099243061,0.9228376393329301,5945.0
Hateful,0.20915032679738563,0.35714285714285715,0.26380873866446825,448.0
accuracy,0.8603159705928359,0.8603159705928359,0.8603159705928359,0.8603159705928359
macro avg,0.5789888094541299,0.6276883335335817,0.5933231889986992,6393.0
weighted avg,0.8969932110127289,0.8603159705928359,0.8766551041382685,6393.0
