class,precision,recall,f1-score,support
Not hateful,0.9840356413588268,0.8916736753574432,0.9355806565478292,5945.0
Hateful,0.35984095427435386,0.8080357142857143,0.49793672627235214,448.0
accuracy,0.8858126075394963,0.8858126075394963,0.8858126075394963,0.8858126075394963
macro avg,0.6719382978165903,0.8498546948215788,0.7167586914100906,6393.0
weighted avg,0.9402941710297412,0.8858126075394963,0.9049120376266007,6393.0
