mean_fit_time,std_fit_time,mean_score_time,std_score_time,param_clf__exclude_stopwords,param_clf__num_keywords,params,split0_test_score,mean_test_score,std_test_score,rank_test_score
0.09991121292114258,0.0,0.020601987838745117,0.0,True,15,"{'clf__exclude_stopwords': True, 'clf__num_keywords': 15}",0.5549337342688495,0.5549337342688495,0.0,5
0.10016560554504395,0.0,0.02199411392211914,0.0,True,30,"{'clf__exclude_stopwords': True, 'clf__num_keywords': 30}",0.6358578396958547,0.6358578396958547,0.0,3
0.10080361366271973,0.0,0.02471160888671875,0.0,True,60,"{'clf__exclude_stopwords': True, 'clf__num_keywords': 60}",0.6738906979481345,0.6738906979481345,0.0,1
0.1014559268951416,0.0,0.022470951080322266,0.0,False,15,"{'clf__exclude_stopwords': False, 'clf__num_keywords': 15}",0.545336536715847,0.545336536715847,0.0,6
0.09811115264892578,0.0,0.02593851089477539,0.0,False,30,"{'clf__exclude_stopwords': False, 'clf__num_keywords': 30}",0.5951849134000058,0.5951849134000058,0.0,4
0.10351014137268066,0.0,0.03218340873718262,0.0,False,60,"{'clf__exclude_stopwords': False, 'clf__num_keywords': 60}",0.6503805957465778,0.6503805957465778,0.0,2
