mean_fit_time,std_fit_time,mean_score_time,std_score_time,param_clf__exclude_stopwords,param_clf__num_keywords,params,split0_test_score,mean_test_score,std_test_score,rank_test_score
0.09488296508789062,0.0,0.02082061767578125,0.0,True,15,"{'clf__exclude_stopwords': True, 'clf__num_keywords': 15}",0.5549337342688495,0.5549337342688495,0.0,5
0.10206842422485352,0.0,0.020302295684814453,0.0,True,30,"{'clf__exclude_stopwords': True, 'clf__num_keywords': 30}",0.6358578396958547,0.6358578396958547,0.0,3
0.09896349906921387,0.0,0.02545022964477539,0.0,True,60,"{'clf__exclude_stopwords': True, 'clf__num_keywords': 60}",0.6738906979481345,0.6738906979481345,0.0,1
0.09830021858215332,0.0,0.02204442024230957,0.0,False,15,"{'clf__exclude_stopwords': False, 'clf__num_keywords': 15}",0.545336536715847,0.545336536715847,0.0,6
0.09872913360595703,0.0,0.026665687561035156,0.0,False,30,"{'clf__exclude_stopwords': False, 'clf__num_keywords': 30}",0.5951849134000058,0.5951849134000058,0.0,4
0.09763097763061523,0.0,0.032723188400268555,0.0,False,60,"{'clf__exclude_stopwords': False, 'clf__num_keywords': 60}",0.6503805957465778,0.6503805957465778,0.0,2
