mean_fit_time,std_fit_time,mean_score_time,std_score_time,param_clf__exclude_stopwords,param_clf__num_keywords,params,split0_test_score,mean_test_score,std_test_score,rank_test_score
0.10643935203552246,0.0,0.020041227340698242,0.0,True,15,"{'clf__exclude_stopwords': True, 'clf__num_keywords': 15}",0.5549337342688495,0.5549337342688495,0.0,5
0.1062479019165039,0.0,0.022770404815673828,0.0,True,30,"{'clf__exclude_stopwords': True, 'clf__num_keywords': 30}",0.6358578396958547,0.6358578396958547,0.0,3
0.10450124740600586,0.0,0.02706313133239746,0.0,True,60,"{'clf__exclude_stopwords': True, 'clf__num_keywords': 60}",0.6738906979481345,0.6738906979481345,0.0,1
0.10649919509887695,0.0,0.023975610733032227,0.0,False,15,"{'clf__exclude_stopwords': False, 'clf__num_keywords': 15}",0.545336536715847,0.545336536715847,0.0,6
0.10416841506958008,0.0,0.02982330322265625,0.0,False,30,"{'clf__exclude_stopwords': False, 'clf__num_keywords': 30}",0.5951849134000058,0.5951849134000058,0.0,4
0.10499143600463867,0.0,0.03680157661437988,0.0,False,60,"{'clf__exclude_stopwords': False, 'clf__num_keywords': 60}",0.6503805957465778,0.6503805957465778,0.0,2
